-- ==========================================
-- SCHEMA DEFINITION
-- ==========================================

CREATE TABLE IF NOT EXISTS PESSOA (
    CPF CHAR(11) NOT NULL PRIMARY KEY,
    NOME VARCHAR(100) NOT NULL,
    EMAIL VARCHAR(100) UNIQUE,
    TELEFONE VARCHAR(15),
    ENDERECO VARCHAR(200)
);

CREATE TABLE IF NOT EXISTS CLIENTE (
    CPF CHAR(11) NOT NULL PRIMARY KEY,
    DATA_CADASTRO DATE NOT NULL,
    FOREIGN KEY (CPF) REFERENCES PESSOA(CPF) ON DELETE CASCADE
);

CREATE TABLE IF NOT EXISTS FUNCIONARIO (
    CPF CHAR(11) NOT NULL PRIMARY KEY,
    ESPECIALIDADE VARCHAR(50) NOT NULL,
    FOREIGN KEY (CPF) REFERENCES PESSOA(CPF) ON DELETE CASCADE
);

CREATE TABLE IF NOT EXISTS ANIMAL (
    NOME VARCHAR(100) NOT NULL,
    DONO_CPF CHAR(11) NOT NULL,
    RACA VARCHAR(50),
    ESPECIE VARCHAR(50),
    SEXO VARCHAR(10),
    PESO DECIMAL(6,2),
    DATA_NASCIMENTO DATE,
    PRIMARY KEY (NOME, DONO_CPF),
    FOREIGN KEY (DONO_CPF) REFERENCES CLIENTE(CPF) ON DELETE CASCADE
);

CREATE TABLE IF NOT EXISTS ANIMAL_ALERGIAS (
    ANIMAL_NOME VARCHAR(100) NOT NULL,
    ANIMAL_CPF CHAR(11) NOT NULL,
    ALERGIA VARCHAR(100) NOT NULL,
    PRIMARY KEY (ANIMAL_NOME, ANIMAL_CPF, ALERGIA),
    FOREIGN KEY (ANIMAL_NOME, ANIMAL_CPF) REFERENCES ANIMAL(NOME, DONO_CPF) ON DELETE CASCADE
);

CREATE TABLE IF NOT EXISTS FORNECEDOR (
    CNPJ CHAR(14) NOT NULL PRIMARY KEY,
    NOME VARCHAR(100) NOT NULL,
    EMAIL VARCHAR(100) UNIQUE,
    TELEFONE VARCHAR(15),
    CATEGORIA VARCHAR(50)
);

CREATE TABLE IF NOT EXISTS COMPRA (
    ID_COMPRA SERIAL PRIMARY KEY,
    DATA_HORA TIMESTAMP NOT NULL DEFAULT CURRENT_TIMESTAMP,
    MEIO VARCHAR(50),
    PARCELA INT,
    STATUS VARCHAR(50),
    CPF_CLIENTE CHAR(11) NOT NULL,
    FOREIGN KEY (CPF_CLIENTE) REFERENCES CLIENTE(CPF)
);

CREATE TABLE IF NOT EXISTS PRODUTO (
    ID_PRODUTO SERIAL PRIMARY KEY,
    DESCRICAO VARCHAR(100) NOT NULL,
    CATEGORIA VARCHAR(50),
    PRECO_VENDA DECIMAL(10,2) NOT NULL,
    PRECO_COMPRA DECIMAL(10,2) NOT NULL,
    QTDE_ESTOQUE INT NOT NULL DEFAULT 0,
    QTDE_MINIMA INT NOT NULL DEFAULT 10,
    FORN_CNPJ CHAR(14),
    FOREIGN KEY (FORN_CNPJ) REFERENCES FORNECEDOR(CNPJ)
);

CREATE TABLE IF NOT EXISTS SERVICO (
    SERVICO_CPF CHAR(11) NOT NULL,
    DATA_HORA TIMESTAMP NOT NULL,
    PRECO DECIMAL(10,2),
    TIPO VARCHAR(50),
    DESCRICAO VARCHAR(200),
    ANIMAL_NOME VARCHAR(100) NOT NULL,
    ANIMAL_CPF CHAR(11) NOT NULL,
    PRIMARY KEY (SERVICO_CPF, DATA_HORA),
    FOREIGN KEY (SERVICO_CPF) REFERENCES CLIENTE(CPF),
    FOREIGN KEY (ANIMAL_NOME, ANIMAL_CPF) REFERENCES ANIMAL(NOME, DONO_CPF)
);

CREATE TABLE IF NOT EXISTS REALIZA (
    FUNCIONARIO_CPF CHAR(11) NOT NULL,
    SERVICO_CPF CHAR(11) NOT NULL,
    SERVICO_DATA_HORA TIMESTAMP NOT NULL,
    PRIMARY KEY (FUNCIONARIO_CPF, SERVICO_CPF, SERVICO_DATA_HORA),
    FOREIGN KEY (FUNCIONARIO_CPF) REFERENCES FUNCIONARIO(CPF) ON DELETE CASCADE,
    FOREIGN KEY (SERVICO_CPF, SERVICO_DATA_HORA) REFERENCES SERVICO(SERVICO_CPF, DATA_HORA) ON DELETE CASCADE
);

CREATE TABLE IF NOT EXISTS COMPRA_INCLUI (
    ID_COMPRA INT NOT NULL,
    ID_PRODUTO INT NOT NULL,
    QUANTIDADE INT NOT NULL,
    PRECO_UNITARIO DECIMAL(10,2) NOT NULL,
    SERVICO_CPF CHAR(11),
    SERVICO_DATA_HORA TIMESTAMP,
    PRIMARY KEY (ID_COMPRA, ID_PRODUTO),
    FOREIGN KEY (ID_COMPRA) REFERENCES COMPRA(ID_COMPRA) ON DELETE CASCADE,
    FOREIGN KEY (ID_PRODUTO) REFERENCES PRODUTO(ID_PRODUTO) ON DELETE CASCADE,
    FOREIGN KEY (SERVICO_CPF, SERVICO_DATA_HORA) REFERENCES SERVICO(SERVICO_CPF, DATA_HORA) ON DELETE SET NULL
);

CREATE TABLE IF NOT EXISTS LOTE (
    ID_LOTE SERIAL PRIMARY KEY,
    ID_PROD INT NOT NULL,
    F_CNPJ CHAR(14) NOT NULL,
    QUANTIDADE INT,
    FOREIGN KEY (ID_PROD) REFERENCES PRODUTO(ID_PRODUTO),
    FOREIGN KEY (F_CNPJ) REFERENCES FORNECEDOR(CNPJ)
);

-- ==========================================
-- INSERTS - PESSOA (25 registros)
-- ==========================================

INSERT INTO PESSOA VALUES ('40574663711', 'João Silva', 'joao.silva@email.com', '11987654321', 'Rua das Flores, 100');
INSERT INTO PESSOA VALUES ('98063480520', 'Maria Santos', 'maria.santos@email.com', '11976543210', 'Av. Paulista, 1500');
INSERT INTO PESSOA VALUES ('58294548588', 'Pedro Oliveira', 'pedro.oliveira@email.com', '11965432109', 'Rua Augusta, 250');
INSERT INTO PESSOA VALUES ('56866737214', 'Ana Costa', 'ana.costa@email.com', '11954321098', 'Rua Oscar Freire, 300');
INSERT INTO PESSOA VALUES ('12007117690', 'Carlos Souza', 'carlos.souza@email.com', '11943210987', 'Av. Brigadeiro, 400');
INSERT INTO PESSOA VALUES ('13551834300', 'Juliana Lima', 'juliana.lima@email.com', '11932109876', 'Rua Consolação, 500');
INSERT INTO PESSOA VALUES ('85153287122', 'Roberto Alves', 'roberto.alves@email.com', '11921098765', 'Av. Rebouças, 600');
INSERT INTO PESSOA VALUES ('19937617804', 'Fernanda Rocha', 'fernanda.rocha@email.com', '11910987654', 'Rua Haddock Lobo, 700');
INSERT INTO PESSOA VALUES ('90855091576', 'Lucas Martins', 'lucas.martins@email.com', '11999876543', 'Av. Faria Lima, 800');
INSERT INTO PESSOA VALUES ('39076947325', 'Patricia Ferreira', 'patricia.ferreira@email.com', '11988765432', 'Rua Bela Cintra, 900');
INSERT INTO PESSOA VALUES ('64958528946', 'Ricardo Mendes', 'ricardo.mendes@email.com', '11977654321', 'Av. Ibirapuera, 1000');
INSERT INTO PESSOA VALUES ('94300970750', 'Camila Ribeiro', 'camila.ribeiro@email.com', '11966543210', 'Rua Pamplona, 1100');
INSERT INTO PESSOA VALUES ('65780619085', 'Bruno Cardoso', 'bruno.cardoso@email.com', '11955432109', 'Av. Europa, 1200');
INSERT INTO PESSOA VALUES ('18561956437', 'Tatiana Gomes', 'tatiana.gomes@email.com', '11944321098', 'Rua Joaquim Floriano, 1300');
INSERT INTO PESSOA VALUES ('50846304392', 'Felipe Barbosa', 'felipe.barbosa@email.com', '11933210987', 'Av. Juscelino, 1400');
INSERT INTO PESSOA VALUES ('87048333170', 'Mariana Dias', 'mariana.dias@email.com', '11922109876', 'Rua Groenlândia, 1500');
INSERT INTO PESSOA VALUES ('94309598080', 'Gustavo Araujo', 'gustavo.araujo@email.com', '11911098765', 'Av. Santo Amaro, 1600');
INSERT INTO PESSOA VALUES ('39066123176', 'Amanda Pereira', 'amanda.pereira@email.com', '11900987654', 'Rua Vergueiro, 1700');
INSERT INTO PESSOA VALUES ('73762980616', 'Rodrigo Castro', 'rodrigo.castro@email.com', '11999765432', 'Av. Moreira Guimarães, 1800');
INSERT INTO PESSOA VALUES ('33786539650', 'Larissa Vieira', 'larissa.vieira@email.com', '11988654321', 'Rua Leopoldo Couto, 1900');
INSERT INTO PESSOA VALUES ('77540032286', 'Thiago Nascimento', 'thiago.nascimento@email.com', '11977543210', 'Av. Indianópolis, 2000');
INSERT INTO PESSOA VALUES ('07203725693', 'Vanessa Moura', 'vanessa.moura@email.com', '11966432109', 'Rua Funchal, 2100');
INSERT INTO PESSOA VALUES ('66872308087', 'Daniel Correia', 'daniel.correia@email.com', '11955321098', 'Av. dos Bandeirantes, 2200');
INSERT INTO PESSOA VALUES ('23130480200', 'Bianca Teixeira', 'bianca.teixeira@email.com', '11944210987', 'Rua Mirassol, 2300');
INSERT INTO PESSOA VALUES ('14517310191', 'Marcelo Duarte', 'marcelo.duarte@email.com', '11933109876', 'Av. Morumbi, 2400');

-- ==========================================
-- INSERTS - CLIENTE (15 registros - apenas clientes)
-- ==========================================

INSERT INTO CLIENTE VALUES ('40574663711', '2025-10-01');
INSERT INTO CLIENTE VALUES ('98063480520', '2025-10-02');
INSERT INTO CLIENTE VALUES ('58294548588', '2025-10-03');
INSERT INTO CLIENTE VALUES ('56866737214', '2025-10-04');
INSERT INTO CLIENTE VALUES ('12007117690', '2025-10-05');
INSERT INTO CLIENTE VALUES ('13551834300', '2025-10-06');
INSERT INTO CLIENTE VALUES ('85153287122', '2025-10-07');
INSERT INTO CLIENTE VALUES ('19937617804', '2025-10-08');
INSERT INTO CLIENTE VALUES ('90855091576', '2025-10-09');
INSERT INTO CLIENTE VALUES ('39076947325', '2025-10-10');
INSERT INTO CLIENTE VALUES ('64958528946', '2025-10-11');
INSERT INTO CLIENTE VALUES ('94300970750', '2025-10-12');
INSERT INTO CLIENTE VALUES ('65780619085', '2025-10-13');
INSERT INTO CLIENTE VALUES ('18561956437', '2025-10-14');
INSERT INTO CLIENTE VALUES ('50846304392', '2025-10-15');

-- ==========================================
-- INSERTS - FUNCIONARIO (10 registros - apenas funcionários)
-- ==========================================

INSERT INTO FUNCIONARIO VALUES ('87048333170', 'Veterinário');
INSERT INTO FUNCIONARIO VALUES ('94309598080', 'Tosador');
INSERT INTO FUNCIONARIO VALUES ('39066123176', 'Veterinário');
INSERT INTO FUNCIONARIO VALUES ('73762980616', 'Banhista');
INSERT INTO FUNCIONARIO VALUES ('33786539650', 'Veterinário');
INSERT INTO FUNCIONARIO VALUES ('77540032286', 'Tosador');
INSERT INTO FUNCIONARIO VALUES ('07203725693', 'Veterinário');
INSERT INTO FUNCIONARIO VALUES ('66872308087', 'Banhista');
INSERT INTO FUNCIONARIO VALUES ('23130480200', 'Veterinário');
INSERT INTO FUNCIONARIO VALUES ('14517310191', 'Tosador');

-- ==========================================
-- INSERTS - ANIMAL (25 registros)
-- ==========================================

INSERT INTO ANIMAL VALUES ('Rex', '40574663711', 'Labrador', 'Cão', 'Macho', 32.50, '2020-03-15');
INSERT INTO ANIMAL VALUES ('Luna', '98063480520', 'Poodle', 'Cão', 'Fêmea', 8.20, '2021-06-20');
INSERT INTO ANIMAL VALUES ('Thor', '58294548588', 'Golden Retriever', 'Cão', 'Macho', 35.00, '2019-11-10');
INSERT INTO ANIMAL VALUES ('Mia', '56866737214', 'Persa', 'Gato', 'Fêmea', 4.50, '2022-01-05');
INSERT INTO ANIMAL VALUES ('Max', '12007117690', 'Bulldog', 'Cão', 'Macho', 25.00, '2020-08-22');
INSERT INTO ANIMAL VALUES ('Nina', '13551834300', 'Siamês', 'Gato', 'Fêmea', 3.80, '2021-12-15');
INSERT INTO ANIMAL VALUES ('Bob', '85153287122', 'Beagle', 'Cão', 'Macho', 12.00, '2022-04-10');
INSERT INTO ANIMAL VALUES ('Bella', '19937617804', 'Yorkshire', 'Cão', 'Fêmea', 3.20, '2023-02-18');
INSERT INTO ANIMAL VALUES ('Charlie', '90855091576', 'Shih Tzu', 'Cão', 'Macho', 6.50, '2021-09-25');
INSERT INTO ANIMAL VALUES ('Lucy', '39076947325', 'Maine Coon', 'Gato', 'Fêmea', 6.00, '2020-07-12');
INSERT INTO ANIMAL VALUES ('Cooper', '64958528946', 'Border Collie', 'Cão', 'Macho', 18.50, '2019-05-30');
INSERT INTO ANIMAL VALUES ('Daisy', '94300970750', 'Maltês', 'Cão', 'Fêmea', 4.00, '2022-11-08');
INSERT INTO ANIMAL VALUES ('Rocky', '65780619085', 'Rottweiler', 'Cão', 'Macho', 45.00, '2018-12-20');
INSERT INTO ANIMAL VALUES ('Molly', '18561956437', 'Cocker Spaniel', 'Cão', 'Fêmea', 14.00, '2021-03-14');
INSERT INTO ANIMAL VALUES ('Duke', '50846304392', 'Pastor Alemão', 'Cão', 'Macho', 38.00, '2019-08-05');
INSERT INTO ANIMAL VALUES ('Lola', '40574663711', 'Pug', 'Cão', 'Fêmea', 8.50, '2022-06-22');
INSERT INTO ANIMAL VALUES ('Bear', '98063480520', 'Husky Siberiano', 'Cão', 'Macho', 28.00, '2020-10-15');
INSERT INTO ANIMAL VALUES ('Sadie', '58294548588', 'Dálmata', 'Cão', 'Fêmea', 24.00, '2021-01-18');
INSERT INTO ANIMAL VALUES ('Zeus', '56866737214', 'Doberman', 'Cão', 'Macho', 40.00, '2019-04-25');
INSERT INTO ANIMAL VALUES ('Chloe', '12007117690', 'Ragdoll', 'Gato', 'Fêmea', 5.20, '2022-08-10');
INSERT INTO ANIMAL VALUES ('Buddy', '13551834300', 'Boxer', 'Cão', 'Macho', 30.00, '2020-02-14');
INSERT INTO ANIMAL VALUES ('Sophie', '85153287122', 'Chihuahua', 'Cão', 'Fêmea', 2.50, '2023-05-20');
INSERT INTO ANIMAL VALUES ('Oscar', '19937617804', 'Bulldog Francês', 'Cão', 'Macho', 12.50, '2021-11-30');
INSERT INTO ANIMAL VALUES ('Zoe', '90855091576', 'Bengal', 'Gato', 'Fêmea', 4.80, '2022-09-15');
INSERT INTO ANIMAL VALUES ('Jack', '39076947325', 'Schnauzer', 'Cão', 'Macho', 9.00, '2020-12-05');

-- ==========================================
-- INSERTS - ANIMAL_ALERGIAS (20 registros)
-- ==========================================

INSERT INTO ANIMAL_ALERGIAS VALUES ('Rex', '40574663711', 'Frango');
INSERT INTO ANIMAL_ALERGIAS VALUES ('Rex', '40574663711', 'Soja');
INSERT INTO ANIMAL_ALERGIAS VALUES ('Luna', '98063480520', 'Lactose');
INSERT INTO ANIMAL_ALERGIAS VALUES ('Thor', '58294548588', 'Milho');
INSERT INTO ANIMAL_ALERGIAS VALUES ('Mia', '56866737214', 'Peixe');
INSERT INTO ANIMAL_ALERGIAS VALUES ('Max', '12007117690', 'Trigo');
INSERT INTO ANIMAL_ALERGIAS VALUES ('Nina', '13551834300', 'Frutos do mar');
INSERT INTO ANIMAL_ALERGIAS VALUES ('Bob', '85153287122', 'Ovo');
INSERT INTO ANIMAL_ALERGIAS VALUES ('Bella', '19937617804', 'Carne bovina');
INSERT INTO ANIMAL_ALERGIAS VALUES ('Charlie', '90855091576', 'Glúten');
INSERT INTO ANIMAL_ALERGIAS VALUES ('Lucy', '39076947325', 'Laticínios');
INSERT INTO ANIMAL_ALERGIAS VALUES ('Cooper', '64958528946', 'Corante artificial');
INSERT INTO ANIMAL_ALERGIAS VALUES ('Daisy', '94300970750', 'Conservantes');
INSERT INTO ANIMAL_ALERGIAS VALUES ('Rocky', '65780619085', 'Amendoim');
INSERT INTO ANIMAL_ALERGIAS VALUES ('Molly', '18561956437', 'Batata');
INSERT INTO ANIMAL_ALERGIAS VALUES ('Duke', '50846304392', 'Pólen');
INSERT INTO ANIMAL_ALERGIAS VALUES ('Lola', '40574663711', 'Ácaros');
INSERT INTO ANIMAL_ALERGIAS VALUES ('Bear', '98063480520', 'Grãos');
INSERT INTO ANIMAL_ALERGIAS VALUES ('Sadie', '58294548588', 'Pulgas');
INSERT INTO ANIMAL_ALERGIAS VALUES ('Zeus', '56866737214', 'Carne suína');

-- ==========================================
-- INSERTS - FORNECEDOR (25 registros)
-- ==========================================

INSERT INTO FORNECEDOR VALUES ('29753289000100', 'Pet Foods Brasil', 'contato@petfoods.com.br', '1133334444', 'Ração');
INSERT INTO FORNECEDOR VALUES ('44506910000116', 'Veterinária Supply', 'vendas@vetsupply.com.br', '1133335555', 'Medicamentos');
INSERT INTO FORNECEDOR VALUES ('43201109000108', 'PetCare Distribuidora', 'sac@petcare.com.br', '1133336666', 'Higiene');
INSERT INTO FORNECEDOR VALUES ('64778210000198', 'Animal House', 'comercial@animalhouse.com.br', '1133337777', 'Acessórios');
INSERT INTO FORNECEDOR VALUES ('42567959000153', 'Mundo Pet', 'atendimento@mundopet.com.br', '1133338888', 'Brinquedos');
INSERT INTO FORNECEDOR VALUES ('54610078000157', 'Vet Express', 'pedidos@vetexpress.com.br', '1133339999', 'Medicamentos');
INSERT INTO FORNECEDOR VALUES ('62815085000113', 'Rações Premium', 'contato@racoespremium.com.br', '1133330000', 'Ração');
INSERT INTO FORNECEDOR VALUES ('68673968000112', 'PetShop Atacado', 'vendas@petshopatacado.com.br', '1133331111', 'Diversos');
INSERT INTO FORNECEDOR VALUES ('04700634000108', 'Cãomigo Distribuição', 'comercial@caomigo.com.br', '1133332222', 'Ração');
INSERT INTO FORNECEDOR VALUES ('72339767000150', 'Gatópolis', 'sac@gatopolis.com.br', '1133333333', 'Ração');
INSERT INTO FORNECEDOR VALUES ('29106769000170', 'Pharma Vet', 'contato@pharmavet.com.br', '1133334455', 'Medicamentos');
INSERT INTO FORNECEDOR VALUES ('56339366000144', 'Pet Acessórios', 'vendas@petacessorios.com.br', '1133335566', 'Acessórios');
INSERT INTO FORNECEDOR VALUES ('47226803000122', 'Banho & Tosa Supply', 'comercial@banhoetosa.com.br', '1133336677', 'Higiene');
INSERT INTO FORNECEDOR VALUES ('96506645000170', 'Nutri Pet', 'atendimento@nutripet.com.br', '1133337788', 'Ração');
INSERT INTO FORNECEDOR VALUES ('82923468000112', 'Veterinária Total', 'pedidos@vettotal.com.br', '1133338899', 'Medicamentos');
INSERT INTO FORNECEDOR VALUES ('73436790000126', 'Pet Toys Brasil', 'contato@pettoys.com.br', '1133339900', 'Brinquedos');
INSERT INTO FORNECEDOR VALUES ('86969575000132', 'Clínica Vet Supply', 'vendas@clinicavet.com.br', '1133330011', 'Equipamentos');
INSERT INTO FORNECEDOR VALUES ('52810299000143', 'Premium Rações', 'comercial@premiumracoes.com.br', '1133331122', 'Ração');
INSERT INTO FORNECEDOR VALUES ('15218253000103', 'Pet Fashion', 'sac@petfashion.com.br', '1133332233', 'Acessórios');
INSERT INTO FORNECEDOR VALUES ('52709818000181', 'Saúde Animal', 'contato@saudeanimal.com.br', '1133333344', 'Medicamentos');
INSERT INTO FORNECEDOR VALUES ('59123345000185', 'Mega Pet', 'vendas@megapet.com.br', '1133334466', 'Diversos');
INSERT INTO FORNECEDOR VALUES ('85688520000191', 'Pet Higiene Plus', 'comercial@pethigiene.com.br', '1133335577', 'Higiene');
INSERT INTO FORNECEDOR VALUES ('82622311000157', 'Ração & Cia', 'atendimento@racaoecia.com.br', '1133336688', 'Ração');
INSERT INTO FORNECEDOR VALUES ('46453194000181', 'Vet Solutions', 'pedidos@vetsolutions.com.br', '1133337799', 'Medicamentos');
INSERT INTO FORNECEDOR VALUES ('47803128000157', 'Pet Store Distribuidora', 'contato@petstore.com.br', '1133338800', 'Diversos');

-- ==========================================
-- INSERTS - COMPRA (25 registros)
-- ==========================================

INSERT INTO COMPRA (DATA_HORA, MEIO, PARCELA, STATUS, CPF_CLIENTE) VALUES ('2025-10-01 10:30:00', 'Cartão de Crédito', 3, 'Aprovado', '40574663711');
INSERT INTO COMPRA (DATA_HORA, MEIO, PARCELA, STATUS, CPF_CLIENTE) VALUES ('2025-10-02 14:15:00', 'PIX', 1, 'Aprovado', '98063480520');
INSERT INTO COMPRA (DATA_HORA, MEIO, PARCELA, STATUS, CPF_CLIENTE) VALUES ('2025-10-03 09:45:00', 'Dinheiro', 1, 'Aprovado', '58294548588');
INSERT INTO COMPRA (DATA_HORA, MEIO, PARCELA, STATUS, CPF_CLIENTE) VALUES ('2025-10-04 16:20:00', 'Cartão de Débito', 1, 'Aprovado', '56866737214');
INSERT INTO COMPRA (DATA_HORA, MEIO, PARCELA, STATUS, CPF_CLIENTE) VALUES ('2025-10-05 11:00:00', 'Cartão de Crédito', 6, 'Aprovado', '12007117690');
INSERT INTO COMPRA (DATA_HORA, MEIO, PARCELA, STATUS, CPF_CLIENTE) VALUES ('2025-10-06 13:30:00', 'PIX', 1, 'Aprovado', '13551834300');
INSERT INTO COMPRA (DATA_HORA, MEIO, PARCELA, STATUS, CPF_CLIENTE) VALUES ('2025-10-07 10:15:00', 'Cartão de Crédito', 2, 'Pendente', '85153287122');
INSERT INTO COMPRA (DATA_HORA, MEIO, PARCELA, STATUS, CPF_CLIENTE) VALUES ('2025-10-08 15:45:00', 'Dinheiro', 1, 'Aprovado', '19937617804');
INSERT INTO COMPRA (DATA_HORA, MEIO, PARCELA, STATUS, CPF_CLIENTE) VALUES ('2025-10-09 09:00:00', 'PIX', 1, 'Aprovado', '90855091576');
INSERT INTO COMPRA (DATA_HORA, MEIO, PARCELA, STATUS, CPF_CLIENTE) VALUES ('2025-10-10 14:30:00', 'Cartão de Crédito', 4, 'Aprovado', '39076947325');
INSERT INTO COMPRA (DATA_HORA, MEIO, PARCELA, STATUS, CPF_CLIENTE) VALUES ('2025-10-11 11:20:00', 'Cartão de Débito', 1, 'Aprovado', '64958528946');
INSERT INTO COMPRA (DATA_HORA, MEIO, PARCELA, STATUS, CPF_CLIENTE) VALUES ('2025-10-12 16:00:00', 'PIX', 1, 'Cancelado', '94300970750');
INSERT INTO COMPRA (DATA_HORA, MEIO, PARCELA, STATUS, CPF_CLIENTE) VALUES ('2025-10-13 10:45:00', 'Cartão de Crédito', 5, 'Aprovado', '65780619085');
INSERT INTO COMPRA (DATA_HORA, MEIO, PARCELA, STATUS, CPF_CLIENTE) VALUES ('2025-10-14 13:15:00', 'Dinheiro', 1, 'Aprovado', '18561956437');
INSERT INTO COMPRA (DATA_HORA, MEIO, PARCELA, STATUS, CPF_CLIENTE) VALUES ('2025-10-15 09:30:00', 'PIX', 1, 'Aprovado', '50846304392');
INSERT INTO COMPRA (DATA_HORA, MEIO, PARCELA, STATUS, CPF_CLIENTE) VALUES ('2025-10-16 15:00:00', 'Cartão de Crédito', 3, 'Pendente', '40574663711');
INSERT INTO COMPRA (DATA_HORA, MEIO, PARCELA, STATUS, CPF_CLIENTE) VALUES ('2025-10-17 11:45:00', 'Cartão de Débito', 1, 'Aprovado', '98063480520');
INSERT INTO COMPRA (DATA_HORA, MEIO, PARCELA, STATUS, CPF_CLIENTE) VALUES ('2025-10-18 14:20:00', 'PIX', 1, 'Aprovado', '58294548588');
INSERT INTO COMPRA (DATA_HORA, MEIO, PARCELA, STATUS, CPF_CLIENTE) VALUES ('2025-10-19 10:00:00', 'Cartão de Crédito', 6, 'Aprovado', '56866737214');
INSERT INTO COMPRA (DATA_HORA, MEIO, PARCELA, STATUS, CPF_CLIENTE) VALUES ('2025-11-05 16:30:00', 'Dinheiro', 1, 'Aprovado', '12007117690');
INSERT INTO COMPRA (DATA_HORA, MEIO, PARCELA, STATUS, CPF_CLIENTE) VALUES ('2025-11-08 09:15:00', 'PIX', 1, 'Aprovado', '13551834300');
INSERT INTO COMPRA (DATA_HORA, MEIO, PARCELA, STATUS, CPF_CLIENTE) VALUES ('2025-11-11 13:00:00', 'Cartão de Crédito', 2, 'Aprovado', '85153287122');
INSERT INTO COMPRA (DATA_HORA, MEIO, PARCELA, STATUS, CPF_CLIENTE) VALUES ('2025-11-14 15:45:00', 'Cartão de Débito', 1, 'Pendente', '19937617804');
INSERT INTO COMPRA (DATA_HORA, MEIO, PARCELA, STATUS, CPF_CLIENTE) VALUES ('2025-11-17 11:30:00', 'PIX', 1, 'Aprovado', '90855091576');
INSERT INTO COMPRA (DATA_HORA, MEIO, PARCELA, STATUS, CPF_CLIENTE) VALUES ('2025-11-20 14:00:00', 'Cartão de Crédito', 4, 'Aprovado', '39076947325');

-- ==========================================
-- INSERTS - PRODUTO (25 registros)
-- ==========================================

INSERT INTO PRODUTO (DESCRICAO, CATEGORIA, PRECO_VENDA, PRECO_COMPRA, QTDE_ESTOQUE, QTDE_MINIMA, FORN_CNPJ) VALUES ('Ração Premium Cães Adultos 15kg', 'Ração', 189.90, 113.94, 20, 10, '29753289000100');
INSERT INTO PRODUTO (DESCRICAO, CATEGORIA, PRECO_VENDA, PRECO_COMPRA, QTDE_ESTOQUE, QTDE_MINIMA, FORN_CNPJ) VALUES ('Ração Super Premium Gatos 10kg', 'Ração', 159.90, 95.94, 15, 10, '72339767000150');
INSERT INTO PRODUTO (DESCRICAO, CATEGORIA, PRECO_VENDA, PRECO_COMPRA, QTDE_ESTOQUE, QTDE_MINIMA, FORN_CNPJ) VALUES ('Antipulgas e Carrapatos', 'Medicamentos', 85.00, 51.00, 100, 30, '44506910000116');
INSERT INTO PRODUTO (DESCRICAO, CATEGORIA, PRECO_VENDA, PRECO_COMPRA, QTDE_ESTOQUE, QTDE_MINIMA, FORN_CNPJ) VALUES ('Vermífugo Cães', 'Medicamentos', 45.00, 27.00, 80, 25, '54610078000157');
INSERT INTO PRODUTO (DESCRICAO, CATEGORIA, PRECO_VENDA, PRECO_COMPRA, QTDE_ESTOQUE, QTDE_MINIMA, FORN_CNPJ) VALUES ('Shampoo Antipulgas', 'Higiene', 32.90, 19.74, 60, 20, '43201109000108');
INSERT INTO PRODUTO (DESCRICAO, CATEGORIA, PRECO_VENDA, PRECO_COMPRA, QTDE_ESTOQUE, QTDE_MINIMA, FORN_CNPJ) VALUES ('Condicionador Pet', 'Higiene', 28.50, 17.10, 55, 15, '47226803000122');
INSERT INTO PRODUTO (DESCRICAO, CATEGORIA, PRECO_VENDA, PRECO_COMPRA, QTDE_ESTOQUE, QTDE_MINIMA, FORN_CNPJ) VALUES ('Coleira Antipulgas', 'Acessórios', 65.00, 39.00, 75, 20, '64778210000198');
INSERT INTO PRODUTO (DESCRICAO, CATEGORIA, PRECO_VENDA, PRECO_COMPRA, QTDE_ESTOQUE, QTDE_MINIMA, FORN_CNPJ) VALUES ('Cama Pet Grande', 'Acessórios', 145.00, 87.00, 25, 10, '64778210000198');
INSERT INTO PRODUTO (DESCRICAO, CATEGORIA, PRECO_VENDA, PRECO_COMPRA, QTDE_ESTOQUE, QTDE_MINIMA, FORN_CNPJ) VALUES ('Comedouro Automático', 'Acessórios', 199.90, 119.94, 15, 5, '56339366000144');
INSERT INTO PRODUTO (DESCRICAO, CATEGORIA, PRECO_VENDA, PRECO_COMPRA, QTDE_ESTOQUE, QTDE_MINIMA, FORN_CNPJ) VALUES ('Bebedouro Fonte', 'Acessórios', 129.90, 77.94, 5, 8, '56339366000144');
INSERT INTO PRODUTO (DESCRICAO, CATEGORIA, PRECO_VENDA, PRECO_COMPRA, QTDE_ESTOQUE, QTDE_MINIMA, FORN_CNPJ) VALUES ('Brinquedo Interativo', 'Brinquedos', 45.90, 27.54, 90, 30, '42567959000153');
INSERT INTO PRODUTO (DESCRICAO, CATEGORIA, PRECO_VENDA, PRECO_COMPRA, QTDE_ESTOQUE, QTDE_MINIMA, FORN_CNPJ) VALUES ('Arranhador para Gatos', 'Acessórios', 89.90, 53.94, 80, 10, '73436790000126');
INSERT INTO PRODUTO (DESCRICAO, CATEGORIA, PRECO_VENDA, PRECO_COMPRA, QTDE_ESTOQUE, QTDE_MINIMA, FORN_CNPJ) VALUES ('Guia Retrátil', 'Acessórios', 55.00, 33.00, 70, 20, '64778210000198');
INSERT INTO PRODUTO (DESCRICAO, CATEGORIA, PRECO_VENDA, PRECO_COMPRA, QTDE_ESTOQUE, QTDE_MINIMA, FORN_CNPJ) VALUES ('Peitoral Ajustável', 'Acessórios', 39.90, 23.94, 65, 20, '56339366000144');
INSERT INTO PRODUTO (DESCRICAO, CATEGORIA, PRECO_VENDA, PRECO_COMPRA, QTDE_ESTOQUE, QTDE_MINIMA, FORN_CNPJ) VALUES ('Caixa de Transporte Média', 'Acessórios', 119.90, 71.94, 35, 10, '15218253000103');
INSERT INTO PRODUTO (DESCRICAO, CATEGORIA, PRECO_VENDA, PRECO_COMPRA, QTDE_ESTOQUE, QTDE_MINIMA, FORN_CNPJ) VALUES ('Tapete Higiênico 30un', 'Higiene', 42.90, 25.74, 100, 30, '85688520000191');
INSERT INTO PRODUTO (DESCRICAO, CATEGORIA, PRECO_VENDA, PRECO_COMPRA, QTDE_ESTOQUE, QTDE_MINIMA, FORN_CNPJ) VALUES ('Areia Sanitária 4kg', 'Higiene', 18.90, 11.34, 120, 40, '85688520000191');
INSERT INTO PRODUTO (DESCRICAO, CATEGORIA, PRECO_VENDA, PRECO_COMPRA, QTDE_ESTOQUE, QTDE_MINIMA, FORN_CNPJ) VALUES ('Petiscos Naturais 500g', 'Alimentação', 35.90, 21.54, 85, 25, '68673968000112');
INSERT INTO PRODUTO (DESCRICAO, CATEGORIA, PRECO_VENDA, PRECO_COMPRA, QTDE_ESTOQUE, QTDE_MINIMA, FORN_CNPJ) VALUES ('Osso de Couro', 'Brinquedos', 15.90, 9.54, 150, 50, '73436790000126');
INSERT INTO PRODUTO (DESCRICAO, CATEGORIA, PRECO_VENDA, PRECO_COMPRA, QTDE_ESTOQUE, QTDE_MINIMA, FORN_CNPJ) VALUES ('Ração Filhote Cães 10kg', 'Ração', 165.00, 99.00, 45, 15, '04700634000108');
INSERT INTO PRODUTO (DESCRICAO, CATEGORIA, PRECO_VENDA, PRECO_COMPRA, QTDE_ESTOQUE, QTDE_MINIMA, FORN_CNPJ) VALUES ('Ração Gatos Castrados 7kg', 'Ração', 142.00, 85.20, 38, 12, '96506645000170');
INSERT INTO PRODUTO (DESCRICAO, CATEGORIA, PRECO_VENDA, PRECO_COMPRA, QTDE_ESTOQUE, QTDE_MINIMA, FORN_CNPJ) VALUES ('Vitamina Pet', 'Medicamentos', 78.00, 46.80, 60, 20, '82923468000112');
INSERT INTO PRODUTO (DESCRICAO, CATEGORIA, PRECO_VENDA, PRECO_COMPRA, QTDE_ESTOQUE, QTDE_MINIMA, FORN_CNPJ) VALUES ('Escova Dental Pet', 'Higiene', 22.90, 13.74, 95, 30, '85688520000191');
INSERT INTO PRODUTO (DESCRICAO, CATEGORIA, PRECO_VENDA, PRECO_COMPRA, QTDE_ESTOQUE, QTDE_MINIMA, FORN_CNPJ) VALUES ('Roupinha de Inverno', 'Acessórios', 59.90, 35.94, 40, 15, '15218253000103');
INSERT INTO PRODUTO (DESCRICAO, CATEGORIA, PRECO_VENDA, PRECO_COMPRA, QTDE_ESTOQUE, QTDE_MINIMA, FORN_CNPJ) VALUES ('Focinheira Ajustável', 'Acessórios', 28.90, 17.34, 50, 15, '56339366000144');

-- Produtos com estoque CRÍTICO (abaixo do mínimo) para testar alertas
INSERT INTO PRODUTO (DESCRICAO, CATEGORIA, PRECO_VENDA, PRECO_COMPRA, QTDE_ESTOQUE, QTDE_MINIMA, FORN_CNPJ) VALUES ('Ração Premium Sênior 12kg', 'Ração', 175.00, 105.00, 3, 15, '62815085000113');
INSERT INTO PRODUTO (DESCRICAO, CATEGORIA, PRECO_VENDA, PRECO_COMPRA, QTDE_ESTOQUE, QTDE_MINIMA, FORN_CNPJ) VALUES ('Anti-inflamatório Pet', 'Medicamentos', 95.00, 57.00, 5, 20, '29106769000170');
INSERT INTO PRODUTO (DESCRICAO, CATEGORIA, PRECO_VENDA, PRECO_COMPRA, QTDE_ESTOQUE, QTDE_MINIMA, FORN_CNPJ) VALUES ('Coleira Identificação LED', 'Acessórios', 49.90, 29.94, 2, 10, '56339366000144');
INSERT INTO PRODUTO (DESCRICAO, CATEGORIA, PRECO_VENDA, PRECO_COMPRA, QTDE_ESTOQUE, QTDE_MINIMA, FORN_CNPJ) VALUES ('Pomada Cicatrizante', 'Medicamentos', 38.00, 22.80, 4, 15, '52709818000181');
INSERT INTO PRODUTO (DESCRICAO, CATEGORIA, PRECO_VENDA, PRECO_COMPRA, QTDE_ESTOQUE, QTDE_MINIMA, FORN_CNPJ) VALUES ('Bola Dental para Cães', 'Brinquedos', 25.90, 15.54, 6, 25, '73436790000126');

-- ==========================================
-- INSERTS - SERVICO (25 registros)
-- ==========================================

INSERT INTO SERVICO VALUES ('40574663711', '2025-10-02 10:00:00', 150.00, 'Consulta', 'Consulta veterinária completa', 'Rex', '40574663711');
INSERT INTO SERVICO VALUES ('98063480520', '2025-10-03 14:00:00', 80.00, 'Banho', 'Banho e tosa completos', 'Luna', '98063480520');
INSERT INTO SERVICO VALUES ('58294548588', '2025-10-04 09:30:00', 120.00, 'Consulta', 'Avaliação geral', 'Thor', '58294548588');
INSERT INTO SERVICO VALUES ('56866737214', '2025-10-05 15:00:00', 60.00, 'Tosa', 'Tosa higiênica', 'Mia', '56866737214');
INSERT INTO SERVICO VALUES ('12007117690', '2025-10-06 11:00:00', 200.00, 'Cirurgia', 'Castração', 'Max', '12007117690');
INSERT INTO SERVICO VALUES ('13551834300', '2025-10-07 13:30:00', 90.00, 'Banho', 'Banho especial', 'Nina', '13551834300');
INSERT INTO SERVICO VALUES ('85153287122', '2025-10-08 10:15:00', 140.00, 'Consulta', 'Check-up anual', 'Bob', '85153287122');
INSERT INTO SERVICO VALUES ('19937617804', '2025-10-09 14:45:00', 70.00, 'Tosa', 'Tosa completa', 'Bella', '19937617804');
INSERT INTO SERVICO VALUES ('90855091576', '2025-10-10 09:00:00', 100.00, 'Vacinação', 'Vacinas anuais', 'Charlie', '90855091576');
INSERT INTO SERVICO VALUES ('39076947325', '2025-10-11 16:00:00', 85.00, 'Banho', 'Banho e hidratação', 'Lucy', '39076947325');
INSERT INTO SERVICO VALUES ('64958528946', '2025-10-12 11:30:00', 160.00, 'Consulta', 'Consulta especializada', 'Cooper', '64958528946');
INSERT INTO SERVICO VALUES ('94300970750', '2025-10-13 13:00:00', 75.00, 'Tosa', 'Tosa bebê', 'Daisy', '94300970750');
INSERT INTO SERVICO VALUES ('65780619085', '2025-10-14 10:30:00', 180.00, 'Cirurgia', 'Remoção de tumor', 'Rocky', '65780619085');
INSERT INTO SERVICO VALUES ('18561956437', '2025-10-15 15:15:00', 95.00, 'Banho', 'Banho terapêutico', 'Molly', '18561956437');
INSERT INTO SERVICO VALUES ('50846304392', '2025-10-16 09:45:00', 130.00, 'Consulta', 'Avaliação dermatológica', 'Duke', '50846304392');
INSERT INTO SERVICO VALUES ('40574663711', '2025-10-17 14:30:00', 65.00, 'Tosa', 'Tosa padrão', 'Lola', '40574663711');
INSERT INTO SERVICO VALUES ('98063480520', '2025-10-18 11:15:00', 110.00, 'Vacinação', 'Vacinas e vermífugo', 'Bear', '98063480520');
INSERT INTO SERVICO VALUES ('58294548588', '2025-10-19 16:30:00', 88.00, 'Banho', 'Banho premium', 'Sadie', '58294548588');
INSERT INTO SERVICO VALUES ('56866737214', '2025-10-20 10:00:00', 175.00, 'Consulta', 'Avaliação ortopédica', 'Zeus', '56866737214');
INSERT INTO SERVICO VALUES ('12007117690', '2025-11-06 13:45:00', 72.00, 'Tosa', 'Tosa para gatos', 'Chloe', '12007117690');
INSERT INTO SERVICO VALUES ('13551834300', '2025-11-09 09:30:00', 145.00, 'Consulta', 'Exames laboratoriais', 'Buddy', '13551834300');
INSERT INTO SERVICO VALUES ('85153287122', '2025-11-12 15:00:00', 68.00, 'Banho', 'Banho express', 'Sophie', '85153287122');
INSERT INTO SERVICO VALUES ('19937617804', '2025-11-15 11:45:00', 125.00, 'Consulta', 'Avaliação nutricional', 'Oscar', '19937617804');
INSERT INTO SERVICO VALUES ('90855091576', '2025-11-18 14:15:00', 82.00, 'Tosa', 'Tosa verão', 'Zoe', '90855091576');
INSERT INTO SERVICO VALUES ('39076947325', '2025-11-21 10:45:00', 155.00, 'Consulta', 'Consulta cardiológica', 'Jack', '39076947325');

-- ==========================================
-- INSERTS - REALIZA (25 registros)
-- Atribuições corrigidas com especialidades adequadas:
-- Veterinários: 87048333170, 39066123176, 33786539650, 07203725693, 23130480200
-- Tosadores: 94309598080, 77540032286, 14517310191
-- Banhistas: 73762980616, 66872308087
-- ==========================================

INSERT INTO REALIZA VALUES ('87048333170', '40574663711', '2025-10-02 10:00:00');  -- Consulta -> Veterinário
INSERT INTO REALIZA VALUES ('73762980616', '98063480520', '2025-10-03 14:00:00');  -- Banho -> Banhista
INSERT INTO REALIZA VALUES ('39066123176', '58294548588', '2025-10-04 09:30:00');  -- Consulta -> Veterinário
INSERT INTO REALIZA VALUES ('94309598080', '56866737214', '2025-10-05 15:00:00');  -- Tosa -> Tosador
INSERT INTO REALIZA VALUES ('33786539650', '12007117690', '2025-10-06 11:00:00');  -- Cirurgia -> Veterinário
INSERT INTO REALIZA VALUES ('66872308087', '13551834300', '2025-10-07 13:30:00');  -- Banho -> Banhista
INSERT INTO REALIZA VALUES ('07203725693', '85153287122', '2025-10-08 10:15:00');  -- Consulta -> Veterinário
INSERT INTO REALIZA VALUES ('77540032286', '19937617804', '2025-10-09 14:45:00');  -- Tosa -> Tosador
INSERT INTO REALIZA VALUES ('23130480200', '90855091576', '2025-10-10 09:00:00');  -- Vacinação -> Veterinário
INSERT INTO REALIZA VALUES ('73762980616', '39076947325', '2025-10-11 16:00:00');  -- Banho -> Banhista
INSERT INTO REALIZA VALUES ('87048333170', '64958528946', '2025-10-12 11:30:00');  -- Consulta -> Veterinário
INSERT INTO REALIZA VALUES ('14517310191', '94300970750', '2025-10-13 13:00:00');  -- Tosa -> Tosador
INSERT INTO REALIZA VALUES ('39066123176', '65780619085', '2025-10-14 10:30:00');  -- Cirurgia -> Veterinário
INSERT INTO REALIZA VALUES ('66872308087', '18561956437', '2025-10-15 15:15:00');  -- Banho -> Banhista
INSERT INTO REALIZA VALUES ('33786539650', '50846304392', '2025-10-16 09:45:00');  -- Consulta -> Veterinário
INSERT INTO REALIZA VALUES ('94309598080', '40574663711', '2025-10-17 14:30:00');  -- Tosa -> Tosador
INSERT INTO REALIZA VALUES ('07203725693', '98063480520', '2025-10-18 11:15:00');  -- Vacinação -> Veterinário
INSERT INTO REALIZA VALUES ('73762980616', '58294548588', '2025-10-19 16:30:00');  -- Banho -> Banhista
INSERT INTO REALIZA VALUES ('23130480200', '56866737214', '2025-10-20 10:00:00');  -- Consulta -> Veterinário
INSERT INTO REALIZA VALUES ('77540032286', '12007117690', '2025-11-06 13:45:00');  -- Tosa -> Tosador
INSERT INTO REALIZA VALUES ('87048333170', '13551834300', '2025-11-09 09:30:00');  -- Consulta -> Veterinário
INSERT INTO REALIZA VALUES ('66872308087', '85153287122', '2025-11-12 15:00:00');  -- Banho -> Banhista
INSERT INTO REALIZA VALUES ('39066123176', '19937617804', '2025-11-15 11:45:00');  -- Consulta -> Veterinário
INSERT INTO REALIZA VALUES ('14517310191', '90855091576', '2025-11-18 14:15:00');  -- Tosa -> Tosador
INSERT INTO REALIZA VALUES ('33786539650', '39076947325', '2025-11-21 10:45:00');  -- Consulta -> Veterinário

-- ==========================================
-- INSERTS - COMPRA_INCLUI (50 registros)
-- ==========================================

INSERT INTO COMPRA_INCLUI (ID_COMPRA, ID_PRODUTO, QUANTIDADE, PRECO_UNITARIO, SERVICO_CPF, SERVICO_DATA_HORA) VALUES (1, 1, 2, 189.90, NULL, NULL);
INSERT INTO COMPRA_INCLUI (ID_COMPRA, ID_PRODUTO, QUANTIDADE, PRECO_UNITARIO, SERVICO_CPF, SERVICO_DATA_HORA) VALUES (1, 5, 1, 32.90, NULL, NULL);
INSERT INTO COMPRA_INCLUI (ID_COMPRA, ID_PRODUTO, QUANTIDADE, PRECO_UNITARIO, SERVICO_CPF, SERVICO_DATA_HORA) VALUES (2, 2, 1, 159.90, NULL, NULL);
INSERT INTO COMPRA_INCLUI (ID_COMPRA, ID_PRODUTO, QUANTIDADE, PRECO_UNITARIO, SERVICO_CPF, SERVICO_DATA_HORA) VALUES (2, 17, 3, 18.90, NULL, NULL);
INSERT INTO COMPRA_INCLUI (ID_COMPRA, ID_PRODUTO, QUANTIDADE, PRECO_UNITARIO, SERVICO_CPF, SERVICO_DATA_HORA) VALUES (3, 3, 2, 85.00, NULL, NULL);
INSERT INTO COMPRA_INCLUI (ID_COMPRA, ID_PRODUTO, QUANTIDADE, PRECO_UNITARIO, SERVICO_CPF, SERVICO_DATA_HORA) VALUES (3, 4, 1, 45.00, NULL, NULL);
INSERT INTO COMPRA_INCLUI (ID_COMPRA, ID_PRODUTO, QUANTIDADE, PRECO_UNITARIO, SERVICO_CPF, SERVICO_DATA_HORA) VALUES (4, 5, 2, 32.90, '56866737214', '2025-10-05 15:00:00');
INSERT INTO COMPRA_INCLUI (ID_COMPRA, ID_PRODUTO, QUANTIDADE, PRECO_UNITARIO, SERVICO_CPF, SERVICO_DATA_HORA) VALUES (4, 6, 1, 28.50, '56866737214', '2025-10-05 15:00:00');
INSERT INTO COMPRA_INCLUI (ID_COMPRA, ID_PRODUTO, QUANTIDADE, PRECO_UNITARIO, SERVICO_CPF, SERVICO_DATA_HORA) VALUES (5, 8, 1, 145.00, NULL, NULL);
INSERT INTO COMPRA_INCLUI (ID_COMPRA, ID_PRODUTO, QUANTIDADE, PRECO_UNITARIO, SERVICO_CPF, SERVICO_DATA_HORA) VALUES (5, 13, 1, 55.00, NULL, NULL);
INSERT INTO COMPRA_INCLUI (ID_COMPRA, ID_PRODUTO, QUANTIDADE, PRECO_UNITARIO, SERVICO_CPF, SERVICO_DATA_HORA) VALUES (6, 12, 1, 89.90, NULL, NULL);
INSERT INTO COMPRA_INCLUI (ID_COMPRA, ID_PRODUTO, QUANTIDADE, PRECO_UNITARIO, SERVICO_CPF, SERVICO_DATA_HORA) VALUES (6, 18, 2, 35.90, NULL, NULL);
INSERT INTO COMPRA_INCLUI (ID_COMPRA, ID_PRODUTO, QUANTIDADE, PRECO_UNITARIO, SERVICO_CPF, SERVICO_DATA_HORA) VALUES (7, 9, 1, 199.90, NULL, NULL);
INSERT INTO COMPRA_INCLUI (ID_COMPRA, ID_PRODUTO, QUANTIDADE, PRECO_UNITARIO, SERVICO_CPF, SERVICO_DATA_HORA) VALUES (7, 10, 1, 129.90, NULL, NULL);
INSERT INTO COMPRA_INCLUI (ID_COMPRA, ID_PRODUTO, QUANTIDADE, PRECO_UNITARIO, SERVICO_CPF, SERVICO_DATA_HORA) VALUES (8, 19, 5, 15.90, '19937617804', '2025-10-09 14:45:00');
INSERT INTO COMPRA_INCLUI (ID_COMPRA, ID_PRODUTO, QUANTIDADE, PRECO_UNITARIO, SERVICO_CPF, SERVICO_DATA_HORA) VALUES (8, 11, 2, 45.90, NULL, NULL);
INSERT INTO COMPRA_INCLUI (ID_COMPRA, ID_PRODUTO, QUANTIDADE, PRECO_UNITARIO, SERVICO_CPF, SERVICO_DATA_HORA) VALUES (9, 4, 2, 45.00, '90855091576', '2025-10-10 09:00:00');
INSERT INTO COMPRA_INCLUI (ID_COMPRA, ID_PRODUTO, QUANTIDADE, PRECO_UNITARIO, SERVICO_CPF, SERVICO_DATA_HORA) VALUES (9, 22, 1, 78.00, '90855091576', '2025-10-10 09:00:00');
INSERT INTO COMPRA_INCLUI (ID_COMPRA, ID_PRODUTO, QUANTIDADE, PRECO_UNITARIO, SERVICO_CPF, SERVICO_DATA_HORA) VALUES (10, 5, 1, 32.90, '39076947325', '2025-10-11 16:00:00');
INSERT INTO COMPRA_INCLUI (ID_COMPRA, ID_PRODUTO, QUANTIDADE, PRECO_UNITARIO, SERVICO_CPF, SERVICO_DATA_HORA) VALUES (10, 6, 1, 28.50, '39076947325', '2025-10-11 16:00:00');
INSERT INTO COMPRA_INCLUI (ID_COMPRA, ID_PRODUTO, QUANTIDADE, PRECO_UNITARIO, SERVICO_CPF, SERVICO_DATA_HORA) VALUES (11, 20, 2, 165.00, NULL, NULL);
INSERT INTO COMPRA_INCLUI (ID_COMPRA, ID_PRODUTO, QUANTIDADE, PRECO_UNITARIO, SERVICO_CPF, SERVICO_DATA_HORA) VALUES (11, 14, 1, 39.90, NULL, NULL);
INSERT INTO COMPRA_INCLUI (ID_COMPRA, ID_PRODUTO, QUANTIDADE, PRECO_UNITARIO, SERVICO_CPF, SERVICO_DATA_HORA) VALUES (12, 7, 1, 65.00, NULL, NULL);
INSERT INTO COMPRA_INCLUI (ID_COMPRA, ID_PRODUTO, QUANTIDADE, PRECO_UNITARIO, SERVICO_CPF, SERVICO_DATA_HORA) VALUES (12, 3, 1, 85.00, NULL, NULL);
INSERT INTO COMPRA_INCLUI (ID_COMPRA, ID_PRODUTO, QUANTIDADE, PRECO_UNITARIO, SERVICO_CPF, SERVICO_DATA_HORA) VALUES (13, 15, 1, 119.90, NULL, NULL);
INSERT INTO COMPRA_INCLUI (ID_COMPRA, ID_PRODUTO, QUANTIDADE, PRECO_UNITARIO, SERVICO_CPF, SERVICO_DATA_HORA) VALUES (13, 24, 2, 59.90, NULL, NULL);
INSERT INTO COMPRA_INCLUI (ID_COMPRA, ID_PRODUTO, QUANTIDADE, PRECO_UNITARIO, SERVICO_CPF, SERVICO_DATA_HORA) VALUES (14, 5, 2, 32.90, '18561956437', '2025-10-15 15:15:00');
INSERT INTO COMPRA_INCLUI (ID_COMPRA, ID_PRODUTO, QUANTIDADE, PRECO_UNITARIO, SERVICO_CPF, SERVICO_DATA_HORA) VALUES (14, 18, 3, 35.90, NULL, NULL);
INSERT INTO COMPRA_INCLUI (ID_COMPRA, ID_PRODUTO, QUANTIDADE, PRECO_UNITARIO, SERVICO_CPF, SERVICO_DATA_HORA) VALUES (15, 1, 1, 189.90, NULL, NULL);
INSERT INTO COMPRA_INCLUI (ID_COMPRA, ID_PRODUTO, QUANTIDADE, PRECO_UNITARIO, SERVICO_CPF, SERVICO_DATA_HORA) VALUES (15, 19, 3, 15.90, NULL, NULL);
INSERT INTO COMPRA_INCLUI (ID_COMPRA, ID_PRODUTO, QUANTIDADE, PRECO_UNITARIO, SERVICO_CPF, SERVICO_DATA_HORA) VALUES (16, 16, 4, 42.90, NULL, NULL);
INSERT INTO COMPRA_INCLUI (ID_COMPRA, ID_PRODUTO, QUANTIDADE, PRECO_UNITARIO, SERVICO_CPF, SERVICO_DATA_HORA) VALUES (16, 23, 2, 22.90, NULL, NULL);
INSERT INTO COMPRA_INCLUI (ID_COMPRA, ID_PRODUTO, QUANTIDADE, PRECO_UNITARIO, SERVICO_CPF, SERVICO_DATA_HORA) VALUES (17, 17, 5, 18.90, NULL, NULL);
INSERT INTO COMPRA_INCLUI (ID_COMPRA, ID_PRODUTO, QUANTIDADE, PRECO_UNITARIO, SERVICO_CPF, SERVICO_DATA_HORA) VALUES (17, 12, 1, 89.90, NULL, NULL);
INSERT INTO COMPRA_INCLUI (ID_COMPRA, ID_PRODUTO, QUANTIDADE, PRECO_UNITARIO, SERVICO_CPF, SERVICO_DATA_HORA) VALUES (18, 4, 1, 45.00, '98063480520', '2025-10-18 11:15:00');
INSERT INTO COMPRA_INCLUI (ID_COMPRA, ID_PRODUTO, QUANTIDADE, PRECO_UNITARIO, SERVICO_CPF, SERVICO_DATA_HORA) VALUES (18, 22, 1, 78.00, NULL, NULL);
INSERT INTO COMPRA_INCLUI (ID_COMPRA, ID_PRODUTO, QUANTIDADE, PRECO_UNITARIO, SERVICO_CPF, SERVICO_DATA_HORA) VALUES (19, 19, 10, 15.90, NULL, NULL);
INSERT INTO COMPRA_INCLUI (ID_COMPRA, ID_PRODUTO, QUANTIDADE, PRECO_UNITARIO, SERVICO_CPF, SERVICO_DATA_HORA) VALUES (19, 11, 3, 45.90, NULL, NULL);
INSERT INTO COMPRA_INCLUI (ID_COMPRA, ID_PRODUTO, QUANTIDADE, PRECO_UNITARIO, SERVICO_CPF, SERVICO_DATA_HORA) VALUES (20, 21, 1, 142.00, NULL, NULL);
INSERT INTO COMPRA_INCLUI (ID_COMPRA, ID_PRODUTO, QUANTIDADE, PRECO_UNITARIO, SERVICO_CPF, SERVICO_DATA_HORA) VALUES (20, 17, 2, 18.90, NULL, NULL);
INSERT INTO COMPRA_INCLUI (ID_COMPRA, ID_PRODUTO, QUANTIDADE, PRECO_UNITARIO, SERVICO_CPF, SERVICO_DATA_HORA) VALUES (21, 5, 1, 32.90, '12007117690', '2025-11-06 13:45:00');
INSERT INTO COMPRA_INCLUI (ID_COMPRA, ID_PRODUTO, QUANTIDADE, PRECO_UNITARIO, SERVICO_CPF, SERVICO_DATA_HORA) VALUES (21, 6, 1, 28.50, '12007117690', '2025-11-06 13:45:00');
INSERT INTO COMPRA_INCLUI (ID_COMPRA, ID_PRODUTO, QUANTIDADE, PRECO_UNITARIO, SERVICO_CPF, SERVICO_DATA_HORA) VALUES (22, 2, 2, 159.90, NULL, NULL);
INSERT INTO COMPRA_INCLUI (ID_COMPRA, ID_PRODUTO, QUANTIDADE, PRECO_UNITARIO, SERVICO_CPF, SERVICO_DATA_HORA) VALUES (22, 12, 1, 89.90, NULL, NULL);
INSERT INTO COMPRA_INCLUI (ID_COMPRA, ID_PRODUTO, QUANTIDADE, PRECO_UNITARIO, SERVICO_CPF, SERVICO_DATA_HORA) VALUES (23, 13, 2, 55.00, NULL, NULL);
INSERT INTO COMPRA_INCLUI (ID_COMPRA, ID_PRODUTO, QUANTIDADE, PRECO_UNITARIO, SERVICO_CPF, SERVICO_DATA_HORA) VALUES (23, 14, 2, 39.90, NULL, NULL);
INSERT INTO COMPRA_INCLUI (ID_COMPRA, ID_PRODUTO, QUANTIDADE, PRECO_UNITARIO, SERVICO_CPF, SERVICO_DATA_HORA) VALUES (24, 5, 1, 32.90, '85153287122', '2025-11-12 15:00:00');
INSERT INTO COMPRA_INCLUI (ID_COMPRA, ID_PRODUTO, QUANTIDADE, PRECO_UNITARIO, SERVICO_CPF, SERVICO_DATA_HORA) VALUES (24, 25, 1, 28.90, NULL, NULL);
INSERT INTO COMPRA_INCLUI (ID_COMPRA, ID_PRODUTO, QUANTIDADE, PRECO_UNITARIO, SERVICO_CPF, SERVICO_DATA_HORA) VALUES (25, 1, 3, 189.90, NULL, NULL);
INSERT INTO COMPRA_INCLUI (ID_COMPRA, ID_PRODUTO, QUANTIDADE, PRECO_UNITARIO, SERVICO_CPF, SERVICO_DATA_HORA) VALUES (25, 20, 1, 165.00, NULL, NULL);

-- ==========================================
-- INSERTS - LOTE (25 registros)
-- ==========================================

INSERT INTO LOTE (ID_PROD, F_CNPJ, QUANTIDADE) VALUES (1, '29753289000100', 50);
INSERT INTO LOTE (ID_PROD, F_CNPJ, QUANTIDADE) VALUES (2, '72339767000150', 40);
INSERT INTO LOTE (ID_PROD, F_CNPJ, QUANTIDADE) VALUES (3, '44506910000116', 100);
INSERT INTO LOTE (ID_PROD, F_CNPJ, QUANTIDADE) VALUES (4, '54610078000157', 80);
INSERT INTO LOTE (ID_PROD, F_CNPJ, QUANTIDADE) VALUES (5, '43201109000108', 60);
INSERT INTO LOTE (ID_PROD, F_CNPJ, QUANTIDADE) VALUES (6, '47226803000122', 55);
INSERT INTO LOTE (ID_PROD, F_CNPJ, QUANTIDADE) VALUES (7, '64778210000198', 75);
INSERT INTO LOTE (ID_PROD, F_CNPJ, QUANTIDADE) VALUES (8, '64778210000198', 25);
INSERT INTO LOTE (ID_PROD, F_CNPJ, QUANTIDADE) VALUES (9, '56339366000144', 15);
INSERT INTO LOTE (ID_PROD, F_CNPJ, QUANTIDADE) VALUES (10, '56339366000144', 20);
INSERT INTO LOTE (ID_PROD, F_CNPJ, QUANTIDADE) VALUES (11, '42567959000153', 90);
INSERT INTO LOTE (ID_PROD, F_CNPJ, QUANTIDADE) VALUES (12, '73436790000126', 30);
INSERT INTO LOTE (ID_PROD, F_CNPJ, QUANTIDADE) VALUES (13, '64778210000198', 70);
INSERT INTO LOTE (ID_PROD, F_CNPJ, QUANTIDADE) VALUES (14, '56339366000144', 65);
INSERT INTO LOTE (ID_PROD, F_CNPJ, QUANTIDADE) VALUES (15, '15218253000103', 35);
INSERT INTO LOTE (ID_PROD, F_CNPJ, QUANTIDADE) VALUES (16, '85688520000191', 100);
INSERT INTO LOTE (ID_PROD, F_CNPJ, QUANTIDADE) VALUES (17, '85688520000191', 120);
INSERT INTO LOTE (ID_PROD, F_CNPJ, QUANTIDADE) VALUES (18, '68673968000112', 85);
INSERT INTO LOTE (ID_PROD, F_CNPJ, QUANTIDADE) VALUES (19, '73436790000126', 150);
INSERT INTO LOTE (ID_PROD, F_CNPJ, QUANTIDADE) VALUES (20, '04700634000108', 45);
INSERT INTO LOTE (ID_PROD, F_CNPJ, QUANTIDADE) VALUES (21, '96506645000170', 38);
INSERT INTO LOTE (ID_PROD, F_CNPJ, QUANTIDADE) VALUES (22, '82923468000112', 60);
INSERT INTO LOTE (ID_PROD, F_CNPJ, QUANTIDADE) VALUES (23, '85688520000191', 95);
INSERT INTO LOTE (ID_PROD, F_CNPJ, QUANTIDADE) VALUES (24, '15218253000103', 40);
INSERT INTO LOTE (ID_PROD, F_CNPJ, QUANTIDADE) VALUES (25, '56339366000144', 50);

-- Lotes para os produtos com estoque crítico (IDs 26-30)
INSERT INTO LOTE (ID_PROD, F_CNPJ, QUANTIDADE) VALUES (26, '62815085000113', 3);
INSERT INTO LOTE (ID_PROD, F_CNPJ, QUANTIDADE) VALUES (27, '29106769000170', 5);
INSERT INTO LOTE (ID_PROD, F_CNPJ, QUANTIDADE) VALUES (28, '56339366000144', 2);
INSERT INTO LOTE (ID_PROD, F_CNPJ, QUANTIDADE) VALUES (29, '52709818000181', 4);
INSERT INTO LOTE (ID_PROD, F_CNPJ, QUANTIDADE) VALUES (30, '73436790000126', 6);
